{"type":"post","lang":"fr-fr","grouplang":"WkpgXykAAOwmJeNO","uid":"Carrelage-lames-et-caillebotis-des-sols-pour-une-terrasse-design","content":"## Le carrelage d\u2019ext\u00e9rieur et les lames de terrasse en bois\nSi votre demeure est une vieille b\u00e2tisse, un ancien corps de ferme ou tout simplement une maison traditionnelle, optez pour les [**lames de terrasse**](\/exterieur-jardin-CCU0008\/terrasses-CCN0078\/lames-terrasses-CCN0221) ou le [**carrelage d\u2019ext\u00e9rieur**](\/sols-murs-CCU0007\/carrelages-CCN0087\/carrelage-sol-exterieur-CCN0186).\nLes rev\u00eatements de sols en bambou pr\u00e9sentent une esth\u00e9tique proche des meilleurs bois exotiques ainsi qu\u2019une grande r\u00e9sistance aux moisissures et aux attaques de parasites. Les lames de terrasse en pin sont parfaitement imputrescibles, quand celles en douglas sont non trait\u00e9es.\nLe carrelage d\u2019ext\u00e9rieur vous offre une diversit\u00e9 de formes et de motifs qui s\u2019adapte \u00e0 de nombreuses d\u00e9co. Choisirez-vous le charme ancien des carreaux du type **[Vermont Grip](\/carrelage-vermont-gripp-34-x-34-cm-FPC1231543?_ga=1.78909015.2145372469.1442390736)** ou plus les effets mati\u00e8res du type **[Eden](\/carrelage-eden-34-x-34-cm-FPC440222)** ?\n![desktop_dessolspouruneterrassetendance_lamesEmotion](\/\/statics.lapeyre.fr\/img\/contrib\/2bdd4da300203834\/desktop_dessolspouruneterrassetendance_lamesEmotion.jpg)\n## Le confort d\u2019utilisation des lames composite et des caillebotis\nSi votre souhait est de cr\u00e9er une terrasse moderne, laissez-vous tenter par les nouvelles mati\u00e8res.\nLes lames composite vous font retrouver l\u2019esth\u00e9tique d\u2019un sol de terrasse \u00e0 lames avec les vertus du composite et une installation simplifi\u00e9e gr\u00e2ce \u00e0 la pose clips\u00e9e. Ce mat\u00e9riau tr\u00e8s r\u00e9sistant est particuli\u00e8rement conseill\u00e9 en bord de mer et autour d\u2019une piscine.\nLes **[caillebotis](\/sols-murs-CCU0007\/terrasse-CCN0074\/caillebotis-CCN0202)** \u00e0 clipser ou \u00e0 visser s\u2019inspirent des autres mat\u00e9riaux, les m\u00e9langent et retirent le meilleur de chacun d\u2019eux. La preuve ? Les caillebotis **[Bangkira\u00ef,](\/caillebotis-en-bangkirai-pose-classique-FPC2185060)** ou **[Douglas naturel](\/dalle-de-terrasse-douglas-a-clipser-FPC427089)**.\nAlors maintenant \u00e0 vous de jouer et composer votre terrasse ou balcon."}